,job_link
895,https://www.brigada.sk/brigady-na-slovensku/inventura-vo-velkoobchode-nonfood-studentsky-servis-spol-s-r-o-370344
896,https://www.brigada.sk/brigady-na-slovensku/inventura-vo-velkoobchode-nonfood-studentsky-servis-spol-s-r-o-370343
897,https://www.brigada.sk/brigady-na-slovensku/inventura-vo-velkoobchode-drogeria-studentsky-servis-spol-s-r-o-370350
898,https://www.brigada.sk/brigady-na-slovensku/inventura-vo-velkoobchode-nonfood-studentsky-servis-spol-s-r-o-370342
899,https://www.brigada.sk/brigady-na-slovensku/inventura-vo-velkoobchode-drogeria-studentsky-servis-spol-s-r-o-370349
900,https://www.brigada.sk/brigady-na-slovensku/inventura-vo-velkoobchode-nonfood-studentsky-servis-spol-s-r-o-370341
901,https://www.brigada.sk/brigady-na-slovensku/inventura-vo-velkoobchode-drogeria-studentsky-servis-spol-s-r-o-370348
902,https://www.brigada.sk/brigady-na-slovensku/pokladnik-pokladnicka-v-obchodnom-retazci-p-j-servis-holding-s-r-o-370339
903,https://www.brigada.sk/brigady-na-slovensku/pekar-na-oddeleni-lahodok-v-obchodnom-retazci-p-j-servis-holding-s-r-o-370338
904,https://www.brigada.sk/brigady-na-slovensku/lahodky-ich-dokladanie-v-obchodnom-retazci-p-j-servis-holding-s-r-o-370336
905,https://www.brigada.sk/brigady-na-slovensku/lahodky-ich-dokladanie-v-obchodnom-retazci-p-j-servis-holding-s-r-o-370334
906,https://www.brigada.sk/brigady-na-slovensku/lahodky-ich-dokladanie-v-obchodnom-retazci-p-j-servis-holding-s-r-o-370335
907,https://www.brigada.sk/brigady-na-slovensku/lahodky-ich-dokladanie-v-obchodnom-retazci-p-j-servis-holding-s-r-o-370337
908,https://www.brigada.sk/brigady-na-slovensku/lahodky-ich-dokladanie-v-obchodnom-retazci-p-j-servis-holding-s-r-o-370333
909,https://www.brigada.sk/brigady-na-slovensku/lahodky-ich-dokladanie-v-obchodnom-retazci-p-j-servis-holding-s-r-o-370332
910,https://www.brigada.sk/brigady-na-slovensku/pekar-na-oddeleni-lahodok-v-obchodnom-retazci-p-j-servis-holding-s-r-o-370328
911,https://www.brigada.sk/brigady-na-slovensku/lahodky-ich-dokladanie-v-obchodnom-retazci-p-j-servis-holding-s-r-o-370331
912,https://www.brigada.sk/brigady-na-slovensku/lahodky-ich-dokladanie-v-obchodnom-retazci-p-j-servis-holding-s-r-o-370330
913,https://www.brigada.sk/brigady-na-slovensku/lahodky-ich-dokladanie-v-obchodnom-retazci-p-j-servis-holding-s-r-o-370329
914,https://www.brigada.sk/brigady-na-slovensku/lahodky-ich-dokladanie-v-obchodnom-retazci-p-j-servis-holding-s-r-o-370327
915,https://www.brigada.sk/brigady-na-slovensku/lahodky-ich-dokladanie-v-obchodnom-retazci-p-j-servis-holding-s-r-o-370325
916,https://www.brigada.sk/brigady-na-slovensku/pekar-na-oddeleni-lahodok-v-obchodnom-retazci-p-j-servis-holding-s-r-o-370326
917,https://www.brigada.sk/brigady-na-slovensku/lahodky-ich-dokladanie-v-obchodnom-retazci-p-j-servis-holding-s-r-o-370324
918,https://www.brigada.sk/brigady-na-slovensku/lahodky-ich-dokladanie-v-obchodnom-retazci-p-j-servis-holding-s-r-o-370323
919,https://www.brigada.sk/brigady-na-slovensku/lahodky-ich-dokladanie-v-obchodnom-retazci-p-j-servis-holding-s-r-o-370322
920,https://www.brigada.sk/brigady-na-slovensku/lahodky-ich-dokladanie-v-obchodnom-retazci-p-j-servis-holding-s-r-o-370320
921,https://www.brigada.sk/brigady-na-slovensku/pekar-na-oddeleni-lahodok-v-obchodnom-retazci-p-j-servis-holding-s-r-o-370321
922,https://www.brigada.sk/brigady-na-slovensku/lahodky-ich-dokladanie-v-obchodnom-retazci-p-j-servis-holding-s-r-o-370319
923,https://www.brigada.sk/brigady-na-slovensku/lahodky-ich-dokladanie-v-obchodnom-retazci-p-j-servis-holding-s-r-o-370318
924,https://www.brigada.sk/brigady-na-slovensku/lahodky-ich-dokladanie-v-obchodnom-retazci-p-j-servis-holding-s-r-o-370317
925,https://www.brigada.sk/brigady-na-slovensku/lahodky-ich-dokladanie-v-obchodnom-retazci-p-j-servis-holding-s-r-o-370316
926,https://www.brigada.sk/brigady-na-slovensku/lahodky-ich-dokladanie-v-obchodnom-retazci-p-j-servis-holding-s-r-o-370315
927,https://www.brigada.sk/brigady-na-slovensku/lahodky-ich-dokladanie-v-obchodnom-retazci-p-j-servis-holding-s-r-o-370314
928,https://www.brigada.sk/brigady-na-slovensku/lahodky-ich-dokladanie-v-obchodnom-retazci-p-j-servis-holding-s-r-o-370313
929,https://www.brigada.sk/brigady-na-slovensku/lahodky-ich-dokladanie-v-obchodnom-retazci-p-j-servis-holding-s-r-o-370312
930,https://www.brigada.sk/brigady-na-slovensku/lahodky-ich-dokladanie-v-obchodnom-retazci-p-j-servis-holding-s-r-o-370296
931,https://www.brigada.sk/brigady-na-slovensku/pokladnik-pokladnicka-v-obchodnom-retazci-p-j-servis-holding-s-r-o-370295
932,https://www.brigada.sk/brigady-na-slovensku/zavoznik-pri-rozvoze-elektrospotrebicov-p-j-servis-holding-s-r-o-370293
933,https://www.brigada.sk/brigady-na-slovensku/pomocne-prace-pre-predajnu-so-sportovymi-potrebami-p-j-servis-holding-s-r-o-370292
934,https://www.brigada.sk/brigady-na-slovensku/zavoznik-pri-rozvoze-elektrospotrebicov-p-j-servis-holding-s-r-o-370291
935,https://www.brigada.sk/brigady-na-slovensku/zavoznik-pri-rozvoze-elektrospotrebicov-p-j-servis-holding-s-r-o-370290
936,https://www.brigada.sk/brigady-na-slovensku/zavoznik-pri-rozvoze-elektrospotrebicov-p-j-servis-holding-s-r-o-370289
937,https://www.brigada.sk/brigady-na-slovensku/dokladanie-tovaru-studentsky-servis-spol-s-r-o-370285
938,https://www.brigada.sk/brigady-na-slovensku/dokladanie-tovaru-studentsky-servis-spol-s-r-o-370284
939,https://www.brigada.sk/brigady-na-slovensku/dokladanie-tovaru-studentsky-servis-spol-s-r-o-370283
940,https://www.brigada.sk/brigady-na-slovensku/dokladanie-tovaru-studentsky-servis-spol-s-r-o-370282
941,https://www.brigada.sk/brigady-na-slovensku/dokladanie-tovaru-studentsky-servis-spol-s-r-o-370281
942,https://www.brigada.sk/brigady-na-slovensku/nocne-dokladanie-tovaru-kolonial-studentsky-servis-spol-s-r-o-370279
943,https://www.brigada.sk/brigady-na-slovensku/nocne-dokladanie-tovaru-kolonial-studentsky-servis-spol-s-r-o-370278
944,https://www.brigada.sk/brigady-na-slovensku/nocne-dokladanie-tovaru-kolonial-studentsky-servis-spol-s-r-o-370277
945,https://www.brigada.sk/brigady-na-slovensku/dokladanie-tovaru-do-regalov-v-obchodnom-retazci-p-j-servis-holding-s-r-o-370311
946,https://www.brigada.sk/brigady-na-slovensku/lahodky-ich-dokladanie-v-obchodnom-retazci-p-j-servis-holding-s-r-o-370310
947,https://www.brigada.sk/brigady-na-slovensku/pokladnik-pokladnicka-v-obchodnom-retazci-p-j-servis-holding-s-r-o-370309
948,https://www.brigada.sk/brigady-na-slovensku/pokladnik-pokladnicka-v-obchodnom-retazci-p-j-servis-holding-s-r-o-370308
949,https://www.brigada.sk/brigady-na-slovensku/pokladnik-pokladnicka-v-obchodnom-retazci-p-j-servis-holding-s-r-o-370307
950,https://www.brigada.sk/brigady-na-slovensku/lahodky-ich-dokladanie-v-obchodnom-retazci-p-j-servis-holding-s-r-o-370306
951,https://www.brigada.sk/brigady-na-slovensku/zavoznik-pri-rozvoze-elektrospotrebicov-p-j-servis-holding-s-r-o-370305
952,https://www.brigada.sk/brigady-na-slovensku/lahodky-ich-dokladanie-v-obchodnom-retazci-p-j-servis-holding-s-r-o-370304
953,https://www.brigada.sk/brigady-na-slovensku/pokladnik-pokladnicka-v-obchodnom-retazci-p-j-servis-holding-s-r-o-370303
954,https://www.brigada.sk/brigady-na-slovensku/pokladnik-pokladnicka-v-obchodnom-retazci-p-j-servis-holding-s-r-o-370302
955,https://www.brigada.sk/brigady-na-slovensku/lahodky-ich-dokladanie-v-obchodnom-retazci-p-j-servis-holding-s-r-o-370301
956,https://www.brigada.sk/brigady-na-slovensku/pokladnik-pokladnicka-v-obchodnom-retazci-p-j-servis-holding-s-r-o-370300
957,https://www.brigada.sk/brigady-na-slovensku/pokladnik-pokladnicka-v-obchodnom-retazci-p-j-servis-holding-s-r-o-370299
958,https://www.brigada.sk/brigady-na-slovensku/zavoznik-pri-rozvoze-elektrospotrebicov-p-j-servis-holding-s-r-o-370298
959,https://www.brigada.sk/brigady-na-slovensku/pokladnik-pokladnicka-v-obchodnom-retazci-p-j-servis-holding-s-r-o-370297
960,https://www.brigada.sk/brigady-na-slovensku/nocne-dokladanie-tovaru-kolonial-studentsky-servis-spol-s-r-o-370276
961,https://www.brigada.sk/brigady-na-slovensku/nocne-dokladanie-tovaru-kolonial-studentsky-servis-spol-s-r-o-370275
962,https://www.brigada.sk/brigady-na-slovensku/dokladanie-tovaru-do-regalov-v-obchodnom-retazci-p-j-servis-holding-s-r-o-370274
963,https://www.brigada.sk/brigady-na-slovensku/dokladanie-tovaru-do-regalov-v-obchodnom-retazci-p-j-servis-holding-s-r-o-370273
964,https://www.brigada.sk/brigady-na-slovensku/dokladanie-tovaru-do-regalov-v-obchodnom-retazci-p-j-servis-holding-s-r-o-370272
965,https://www.brigada.sk/brigady-na-slovensku/dokladanie-tovaru-do-regalov-v-obchodnom-retazci-p-j-servis-holding-s-r-o-370271
966,https://www.brigada.sk/brigady-na-slovensku/dokladanie-tovaru-do-regalov-v-obchodnom-retazci-p-j-servis-holding-s-r-o-370270
967,https://www.brigada.sk/brigady-na-slovensku/dokladanie-tovaru-do-regalov-v-obchodnom-retazci-p-j-servis-holding-s-r-o-370269
968,https://www.brigada.sk/brigady-na-slovensku/dokladanie-tovaru-do-regalov-v-obchodnom-retazci-p-j-servis-holding-s-r-o-370268
969,https://www.brigada.sk/brigady-na-slovensku/dokladanie-tovaru-do-regalov-v-obchodnom-retazci-p-j-servis-holding-s-r-o-370267
970,https://www.brigada.sk/brigady-na-slovensku/dokladanie-tovaru-do-regalov-v-obchodnom-retazci-p-j-servis-holding-s-r-o-370266
971,https://www.brigada.sk/brigady-na-slovensku/dokladanie-tovaru-do-regalov-v-obchodnom-retazci-p-j-servis-holding-s-r-o-370265
972,https://www.brigada.sk/brigady-na-slovensku/dokladanie-tovaru-do-regalov-v-obchodnom-retazci-p-j-servis-holding-s-r-o-370264
973,https://www.brigada.sk/brigady-na-slovensku/dokladanie-tovaru-do-regalov-v-obchodnom-retazci-p-j-servis-holding-s-r-o-370263
974,https://www.brigada.sk/brigady-na-slovensku/dokladanie-tovaru-do-regalov-v-obchodnom-retazci-p-j-servis-holding-s-r-o-370262
975,https://www.brigada.sk/brigady-na-slovensku/dokladanie-tovaru-do-regalov-v-obchodnom-retazci-p-j-servis-holding-s-r-o-370261
976,https://www.brigada.sk/brigady-na-slovensku/dokladanie-tovaru-do-regalov-v-obchodnom-retazci-p-j-servis-holding-s-r-o-370260
977,https://www.brigada.sk/brigady-na-slovensku/dokladanie-tovaru-do-regalov-v-obchodnom-retazci-p-j-servis-holding-s-r-o-370259
978,https://www.brigada.sk/brigady-na-slovensku/dokladanie-tovaru-do-regalov-v-obchodnom-retazci-p-j-servis-holding-s-r-o-370258
979,https://www.brigada.sk/brigady-na-slovensku/dokladanie-tovaru-do-regalov-v-obchodnom-retazci-p-j-servis-holding-s-r-o-370257
980,https://www.brigada.sk/brigady-na-slovensku/dokladanie-tovaru-do-regalov-v-obchodnom-retazci-p-j-servis-holding-s-r-o-370256
981,https://www.brigada.sk/brigady-na-slovensku/dokladanie-tovaru-do-regalov-v-obchodnom-retazci-p-j-servis-holding-s-r-o-370255
982,https://www.brigada.sk/brigady-na-slovensku/dokladanie-tovaru-do-regalov-v-obchodnom-retazci-p-j-servis-holding-s-r-o-370254
983,https://www.brigada.sk/brigady-na-slovensku/dokladanie-tovaru-do-regalov-v-obchodnom-retazci-p-j-servis-holding-s-r-o-370253
984,https://www.brigada.sk/brigady-na-slovensku/dokladanie-tovaru-do-regalov-v-obchodnom-retazci-p-j-servis-holding-s-r-o-370252
985,https://www.brigada.sk/brigady-na-slovensku/dokladanie-tovaru-do-regalov-v-obchodnom-retazci-p-j-servis-holding-s-r-o-370251
986,https://www.brigada.sk/brigady-na-slovensku/dokladanie-tovaru-do-regalov-v-obchodnom-retazci-p-j-servis-holding-s-r-o-370250
987,https://www.brigada.sk/brigady-na-slovensku/koordinator-informator-a-animator-v-zabavnom-parku-p-j-servis-holding-s-r-o-370249
988,https://www.brigada.sk/brigady-na-slovensku/vydaj-tovaru-v-sklade-p-j-servis-holding-s-r-o-370246
989,https://www.brigada.sk/brigady-na-slovensku/vydaj-tovaru-v-sklade-p-j-servis-holding-s-r-o-370245
990,https://www.brigada.sk/brigady-na-slovensku/vydaj-tovaru-v-sklade-p-j-servis-holding-s-r-o-370244
991,https://www.brigada.sk/brigady-na-slovensku/vydaj-tovaru-v-sklade-p-j-servis-holding-s-r-o-370243
992,https://www.brigada.sk/brigady-na-slovensku/vydaj-tovaru-v-sklade-p-j-servis-holding-s-r-o-370242
993,https://www.brigada.sk/brigady-na-slovensku/vydaj-tovaru-v-sklade-p-j-servis-holding-s-r-o-370241
994,https://www.brigada.sk/brigady-na-slovensku/vydaj-tovaru-v-sklade-p-j-servis-holding-s-r-o-370240
995,https://www.brigada.sk/brigady-na-slovensku/vydaj-tovaru-v-sklade-p-j-servis-holding-s-r-o-370239
996,https://www.brigada.sk/brigady-na-slovensku/vydaj-tovaru-v-sklade-p-j-servis-holding-s-r-o-370238
997,https://www.brigada.sk/brigady-na-slovensku/vydaj-tovaru-v-sklade-p-j-servis-holding-s-r-o-370236
998,https://www.brigada.sk/brigady-na-slovensku/vydaj-tovaru-v-sklade-p-j-servis-holding-s-r-o-370237
999,https://www.brigada.sk/brigady-na-slovensku/vydaj-tovaru-v-sklade-p-j-servis-holding-s-r-o-370233
1000,https://www.brigada.sk/brigady-na-slovensku/vydaj-tovaru-v-sklade-p-j-servis-holding-s-r-o-370234
1001,https://www.brigada.sk/brigady-na-slovensku/vydaj-tovaru-v-sklade-p-j-servis-holding-s-r-o-370235
1002,https://www.brigada.sk/brigady-na-slovensku/vydaj-tovaru-v-sklade-p-j-servis-holding-s-r-o-370232
1003,https://www.brigada.sk/brigady-na-slovensku/vydaj-tovaru-v-sklade-p-j-servis-holding-s-r-o-370231
1004,https://www.brigada.sk/brigady-na-slovensku/vydaj-tovaru-v-sklade-p-j-servis-holding-s-r-o-370230
1005,https://www.brigada.sk/brigady-na-slovensku/vydaj-tovaru-v-sklade-p-j-servis-holding-s-r-o-370229
1006,https://www.brigada.sk/brigady-na-slovensku/vydaj-tovaru-v-sklade-p-j-servis-holding-s-r-o-370228
1007,https://www.brigada.sk/brigady-na-slovensku/vydaj-tovaru-v-sklade-p-j-servis-holding-s-r-o-370227
1008,https://www.brigada.sk/brigady-na-slovensku/vydaj-tovaru-v-sklade-p-j-servis-holding-s-r-o-370226
1009,https://www.brigada.sk/brigady-na-slovensku/vydaj-tovaru-v-sklade-p-j-servis-holding-s-r-o-370225
1010,https://www.brigada.sk/brigady-na-slovensku/vydaj-tovaru-v-sklade-p-j-servis-holding-s-r-o-370224
1011,https://www.brigada.sk/brigady-na-slovensku/vydaj-tovaru-v-sklade-p-j-servis-holding-s-r-o-370223
1012,https://www.brigada.sk/brigady-na-slovensku/vydaj-tovaru-v-sklade-p-j-servis-holding-s-r-o-370222
1013,https://www.brigada.sk/brigady-na-slovensku/vydaj-tovaru-v-sklade-p-j-servis-holding-s-r-o-370220
1014,https://www.brigada.sk/brigady-na-slovensku/vydaj-tovaru-v-sklade-p-j-servis-holding-s-r-o-370221
1015,https://www.brigada.sk/brigady-na-slovensku/vydaj-tovaru-v-sklade-p-j-servis-holding-s-r-o-370219
1016,https://www.brigada.sk/brigady-na-slovensku/lahodky-ich-dokladanie-v-obchodnom-retazci-p-j-servis-holding-s-r-o-370218
1017,https://www.brigada.sk/brigady-na-slovensku/lahodky-ich-dokladanie-v-obchodnom-retazci-p-j-servis-holding-s-r-o-370217
1018,https://www.brigada.sk/brigady-na-slovensku/lahodky-ich-dokladanie-v-obchodnom-retazci-p-j-servis-holding-s-r-o-370216
1019,https://www.brigada.sk/brigady-na-slovensku/lahodky-ich-dokladanie-v-obchodnom-retazci-p-j-servis-holding-s-r-o-370215
1020,https://www.brigada.sk/brigady-na-slovensku/lahodky-ich-dokladanie-v-obchodnom-retazci-p-j-servis-holding-s-r-o-370214
1021,https://www.brigada.sk/brigady-na-slovensku/kompletizacia-objednavok-pomocou-aplikacie-p-j-servis-holding-s-r-o-370212
1022,https://www.brigada.sk/brigady-na-slovensku/lahodky-ich-dokladanie-v-obchodnom-retazci-p-j-servis-holding-s-r-o-370213
1023,https://www.brigada.sk/brigady-na-slovensku/kompletizacia-objednavok-pomocou-aplikacie-p-j-servis-holding-s-r-o-370210
1024,https://www.brigada.sk/brigady-na-slovensku/lahodky-ich-dokladanie-v-obchodnom-retazci-p-j-servis-holding-s-r-o-370211
1025,https://www.brigada.sk/brigady-na-slovensku/kompletizacia-objednavok-pomocou-aplikacie-p-j-servis-holding-s-r-o-370208
1026,https://www.brigada.sk/brigady-na-slovensku/lahodky-ich-dokladanie-v-obchodnom-retazci-p-j-servis-holding-s-r-o-370209
1027,https://www.brigada.sk/brigady-na-slovensku/kompletizacia-objednavok-pomocou-aplikacie-p-j-servis-holding-s-r-o-370206
1028,https://www.brigada.sk/brigady-na-slovensku/lahodky-ich-dokladanie-v-obchodnom-retazci-p-j-servis-holding-s-r-o-370207
1029,https://www.brigada.sk/brigady-na-slovensku/lahodky-ich-dokladanie-v-obchodnom-retazci-p-j-servis-holding-s-r-o-370205
1030,https://www.brigada.sk/brigady-na-slovensku/kompletizacia-objednavok-pomocou-aplikacie-p-j-servis-holding-s-r-o-370204
1031,https://www.brigada.sk/brigady-na-slovensku/lahodky-ich-dokladanie-v-obchodnom-retazci-p-j-servis-holding-s-r-o-370203
1032,https://www.brigada.sk/brigady-na-slovensku/kompletizacia-objednavok-pomocou-aplikacie-p-j-servis-holding-s-r-o-370202
1033,https://www.brigada.sk/brigady-na-slovensku/lahodky-ich-dokladanie-v-obchodnom-retazci-p-j-servis-holding-s-r-o-370201
1034,https://www.brigada.sk/brigady-na-slovensku/kompletizacia-objednavok-pomocou-aplikacie-p-j-servis-holding-s-r-o-370200
1035,https://www.brigada.sk/brigady-na-slovensku/kompletizacia-objednavok-pomocou-aplikacie-p-j-servis-holding-s-r-o-370198
1036,https://www.brigada.sk/brigady-na-slovensku/lahodky-ich-dokladanie-v-obchodnom-retazci-p-j-servis-holding-s-r-o-370199
1037,https://www.brigada.sk/brigady-na-slovensku/lahodky-ich-dokladanie-v-obchodnom-retazci-p-j-servis-holding-s-r-o-370197
1038,https://www.brigada.sk/brigady-na-slovensku/kompletizacia-objednavok-pomocou-aplikacie-p-j-servis-holding-s-r-o-370196
1039,https://www.brigada.sk/brigady-na-slovensku/kompletizacia-objednavok-pomocou-aplikacie-p-j-servis-holding-s-r-o-370194
1040,https://www.brigada.sk/brigady-na-slovensku/lahodky-ich-dokladanie-v-obchodnom-retazci-p-j-servis-holding-s-r-o-370195
1041,https://www.brigada.sk/brigady-na-slovensku/kompletizacia-objednavok-pomocou-aplikacie-p-j-servis-holding-s-r-o-370192
1042,https://www.brigada.sk/brigady-na-slovensku/lahodky-ich-dokladanie-v-obchodnom-retazci-p-j-servis-holding-s-r-o-370193
1043,https://www.brigada.sk/brigady-na-slovensku/lahodky-ich-dokladanie-v-obchodnom-retazci-p-j-servis-holding-s-r-o-370191
1044,https://www.brigada.sk/brigady-na-slovensku/kompletizacia-objednavok-pomocou-aplikacie-p-j-servis-holding-s-r-o-370190
1045,https://www.brigada.sk/brigady-na-slovensku/kompletizacia-objednavok-pomocou-aplikacie-p-j-servis-holding-s-r-o-370188
1046,https://www.brigada.sk/brigady-na-slovensku/lahodky-ich-dokladanie-v-obchodnom-retazci-p-j-servis-holding-s-r-o-370189
1047,https://www.brigada.sk/brigady-na-slovensku/kompletizacia-objednavok-pomocou-aplikacie-p-j-servis-holding-s-r-o-370186
1048,https://www.brigada.sk/brigady-na-slovensku/lahodky-ich-dokladanie-v-obchodnom-retazci-p-j-servis-holding-s-r-o-370187
1049,https://www.brigada.sk/brigady-na-slovensku/lahodky-ich-dokladanie-v-obchodnom-retazci-p-j-servis-holding-s-r-o-370185
1050,https://www.brigada.sk/brigady-na-slovensku/kompletizacia-objednavok-pomocou-aplikacie-p-j-servis-holding-s-r-o-370184
1051,https://www.brigada.sk/brigady-na-slovensku/lahodky-ich-dokladanie-v-obchodnom-retazci-p-j-servis-holding-s-r-o-370183
1052,https://www.brigada.sk/brigady-na-slovensku/kompletizacia-objednavok-pomocou-aplikacie-p-j-servis-holding-s-r-o-370182
1053,https://www.brigada.sk/brigady-na-slovensku/kompletizacia-objednavok-pomocou-aplikacie-p-j-servis-holding-s-r-o-370180
1054,https://www.brigada.sk/brigady-na-slovensku/lahodky-ich-dokladanie-v-obchodnom-retazci-p-j-servis-holding-s-r-o-370181
1055,https://www.brigada.sk/brigady-na-slovensku/kompletizacia-objednavok-pomocou-aplikacie-p-j-servis-holding-s-r-o-370178
1056,https://www.brigada.sk/brigady-na-slovensku/lahodky-ich-dokladanie-v-obchodnom-retazci-p-j-servis-holding-s-r-o-370179
1057,https://www.brigada.sk/brigady-na-slovensku/kompletizacia-objednavok-pomocou-aplikacie-p-j-servis-holding-s-r-o-370176
1058,https://www.brigada.sk/brigady-na-slovensku/lahodky-ich-dokladanie-v-obchodnom-retazci-p-j-servis-holding-s-r-o-370177
1059,https://www.brigada.sk/brigady-na-slovensku/kompletizacia-objednavok-pomocou-aplikacie-p-j-servis-holding-s-r-o-370174
1060,https://www.brigada.sk/brigady-na-slovensku/lahodky-ich-dokladanie-v-obchodnom-retazci-p-j-servis-holding-s-r-o-370175
1061,https://www.brigada.sk/brigady-na-slovensku/kompletizacia-objednavok-pomocou-aplikacie-p-j-servis-holding-s-r-o-370172
1062,https://www.brigada.sk/brigady-na-slovensku/lahodky-ich-dokladanie-v-obchodnom-retazci-p-j-servis-holding-s-r-o-370173
1063,https://www.brigada.sk/brigady-na-slovensku/kompletizacia-objednavok-pomocou-aplikacie-p-j-servis-holding-s-r-o-370170
1064,https://www.brigada.sk/brigady-na-slovensku/lahodky-ich-dokladanie-v-obchodnom-retazci-p-j-servis-holding-s-r-o-370171
1065,https://www.brigada.sk/brigady-na-slovensku/pokladnik-a-dokladac-tovaru-pre-znamu-znacku-p-j-servis-holding-s-r-o-370154
1066,https://www.brigada.sk/brigady-na-slovensku/pokladnik-a-dokladac-tovaru-pre-znamu-znacku-p-j-servis-holding-s-r-o-370153
1067,https://www.brigada.sk/brigady-na-slovensku/zavoznik-pri-rozvoze-elektrospotrebicov-p-j-servis-holding-s-r-o-370151
1068,https://www.brigada.sk/brigady-na-slovensku/pokladnik-a-dokladac-tovaru-pre-znamu-znacku-p-j-servis-holding-s-r-o-370152
1069,https://www.brigada.sk/brigady-na-slovensku/pomocne-manipulacne-prace-v-areali-spolocnosti-p-j-servis-holding-s-r-o-370150
1070,https://www.brigada.sk/brigady-na-slovensku/pomocne-manipulacne-prace-v-areali-spolocnosti-p-j-servis-holding-s-r-o-370149
1071,https://www.brigada.sk/brigady-na-slovensku/pomocne-manipulacne-prace-v-areali-spolocnosti-p-j-servis-holding-s-r-o-370148
1072,https://www.brigada.sk/brigady-na-slovensku/pomocne-manipulacne-prace-v-areali-spolocnosti-p-j-servis-holding-s-r-o-370147
1073,https://www.brigada.sk/brigady-na-slovensku/pomocne-manipulacne-prace-v-areali-spolocnosti-p-j-servis-holding-s-r-o-370146
1074,https://www.brigada.sk/brigady-na-slovensku/pomocne-manipulacne-prace-v-areali-spolocnosti-p-j-servis-holding-s-r-o-370145
1075,https://www.brigada.sk/brigady-na-slovensku/pomocne-manipulacne-prace-v-areali-spolocnosti-p-j-servis-holding-s-r-o-370144
1076,https://www.brigada.sk/brigady-na-slovensku/pomocne-manipulacne-prace-v-areali-spolocnosti-p-j-servis-holding-s-r-o-370143
1077,https://www.brigada.sk/brigady-na-slovensku/pomocne-manipulacne-prace-v-areali-spolocnosti-p-j-servis-holding-s-r-o-370142
1078,https://www.brigada.sk/brigady-na-slovensku/pomocne-manipulacne-prace-v-areali-spolocnosti-p-j-servis-holding-s-r-o-370141
1079,https://www.brigada.sk/brigady-na-slovensku/pomocne-manipulacne-prace-v-areali-spolocnosti-p-j-servis-holding-s-r-o-370140
1080,https://www.brigada.sk/brigady-na-slovensku/pomocne-prace-pre-ccc-pri-baleni-tovaru-p-j-servis-holding-s-r-o-370124
1081,https://www.brigada.sk/brigady-na-slovensku/pomocne-prace-pre-ccc-pri-baleni-tovaru-p-j-servis-holding-s-r-o-370123
1082,https://www.brigada.sk/brigady-na-slovensku/pomocne-prace-pre-ccc-pri-baleni-tovaru-p-j-servis-holding-s-r-o-370122
1083,https://www.brigada.sk/brigady-na-slovensku/pomocne-prace-pre-ccc-pri-baleni-tovaru-p-j-servis-holding-s-r-o-370121
1084,https://www.brigada.sk/brigady-na-slovensku/pomocne-prace-pre-ccc-pri-baleni-tovaru-p-j-servis-holding-s-r-o-370120
1085,https://www.brigada.sk/brigady-na-slovensku/pomocne-prace-pre-ccc-pri-baleni-tovaru-p-j-servis-holding-s-r-o-370119
1086,https://www.brigada.sk/brigady-na-slovensku/pomocne-prace-pre-ccc-pri-baleni-tovaru-p-j-servis-holding-s-r-o-370118
1087,https://www.brigada.sk/brigady-na-slovensku/pomocne-prace-pre-ccc-pri-baleni-tovaru-p-j-servis-holding-s-r-o-370117
1088,https://www.brigada.sk/brigady-na-slovensku/pomocne-prace-pre-ccc-pri-baleni-tovaru-p-j-servis-holding-s-r-o-370116
1089,https://www.brigada.sk/brigady-na-slovensku/pomocne-prace-pre-ccc-pri-baleni-tovaru-p-j-servis-holding-s-r-o-370115
1090,https://www.brigada.sk/brigady-na-slovensku/pomocne-prace-pre-ccc-pri-baleni-tovaru-p-j-servis-holding-s-r-o-370114
1091,https://www.brigada.sk/brigady-na-slovensku/pomocne-prace-pre-ccc-pri-baleni-tovaru-p-j-servis-holding-s-r-o-370113
1092,https://www.brigada.sk/brigady-na-slovensku/pomocne-prace-pre-ccc-pri-baleni-tovaru-p-j-servis-holding-s-r-o-370111
1093,https://www.brigada.sk/brigady-na-slovensku/pomocne-prace-pre-ccc-pri-baleni-tovaru-p-j-servis-holding-s-r-o-370112
1094,https://www.brigada.sk/brigady-na-slovensku/pomocne-prace-pre-ccc-pri-baleni-tovaru-p-j-servis-holding-s-r-o-370110
1095,https://www.brigada.sk/brigady-na-slovensku/pomocne-manipulacne-prace-v-areali-spolocnosti-p-j-servis-holding-s-r-o-370139
1096,https://www.brigada.sk/brigady-na-slovensku/pomocne-manipulacne-prace-v-areali-spolocnosti-p-j-servis-holding-s-r-o-370138
1097,https://www.brigada.sk/brigady-na-slovensku/pomocne-manipulacne-prace-v-areali-spolocnosti-p-j-servis-holding-s-r-o-370137
1098,https://www.brigada.sk/brigady-na-slovensku/pomocne-manipulacne-prace-v-areali-spolocnosti-p-j-servis-holding-s-r-o-370136
1099,https://www.brigada.sk/brigady-na-slovensku/pomocne-manipulacne-prace-v-areali-spolocnosti-p-j-servis-holding-s-r-o-370135
1100,https://www.brigada.sk/brigady-na-slovensku/pomocne-manipulacne-prace-v-areali-spolocnosti-p-j-servis-holding-s-r-o-370134
1101,https://www.brigada.sk/brigady-na-slovensku/pomocne-manipulacne-prace-v-areali-spolocnosti-p-j-servis-holding-s-r-o-370133
1102,https://www.brigada.sk/brigady-na-slovensku/pomocne-manipulacne-prace-v-areali-spolocnosti-p-j-servis-holding-s-r-o-370132
1103,https://www.brigada.sk/brigady-na-slovensku/pomocne-manipulacne-prace-v-areali-spolocnosti-p-j-servis-holding-s-r-o-370131
1104,https://www.brigada.sk/brigady-na-slovensku/pomocne-manipulacne-prace-v-areali-spolocnosti-p-j-servis-holding-s-r-o-370130
1105,https://www.brigada.sk/brigady-na-slovensku/pomocne-manipulacne-prace-v-areali-spolocnosti-p-j-servis-holding-s-r-o-370129
1106,https://www.brigada.sk/brigady-na-slovensku/pomocne-manipulacne-prace-v-areali-spolocnosti-p-j-servis-holding-s-r-o-370128
1107,https://www.brigada.sk/brigady-na-slovensku/pomocne-manipulacne-prace-v-areali-spolocnosti-p-j-servis-holding-s-r-o-370127
1108,https://www.brigada.sk/brigady-na-slovensku/office-manazer-inbox-sk-sro-357093
1109,https://www.brigada.sk/brigady-na-slovensku/pomocne-prace-pre-ccc-pri-baleni-tovaru-p-j-servis-holding-s-r-o-370125
1110,https://www.brigada.sk/brigady-na-slovensku/lahodky-ich-dokladanie-v-obchodnom-retazci-p-j-servis-holding-s-r-o-370169
1111,https://www.brigada.sk/brigady-na-slovensku/kompletizacia-objednavok-pomocou-aplikacie-p-j-servis-holding-s-r-o-370168
1112,https://www.brigada.sk/brigady-na-slovensku/kompletizacia-objednavok-pomocou-aplikacie-p-j-servis-holding-s-r-o-370166
1113,https://www.brigada.sk/brigady-na-slovensku/lahodky-ich-dokladanie-v-obchodnom-retazci-p-j-servis-holding-s-r-o-370167
1114,https://www.brigada.sk/brigady-na-slovensku/lahodky-ich-dokladanie-v-obchodnom-retazci-p-j-servis-holding-s-r-o-370165
1115,https://www.brigada.sk/brigady-na-slovensku/kompletizacia-objednavok-pomocou-aplikacie-p-j-servis-holding-s-r-o-370164
1116,https://www.brigada.sk/brigady-na-slovensku/lahodky-ich-dokladanie-v-obchodnom-retazci-p-j-servis-holding-s-r-o-370163
1117,https://www.brigada.sk/brigady-na-slovensku/kompletizacia-objednavok-pomocou-aplikacie-p-j-servis-holding-s-r-o-370162
1118,https://www.brigada.sk/brigady-na-slovensku/lahodky-ich-dokladanie-v-obchodnom-retazci-p-j-servis-holding-s-r-o-370161
1119,https://www.brigada.sk/brigady-na-slovensku/kompletizacia-objednavok-pomocou-aplikacie-p-j-servis-holding-s-r-o-370160
1120,https://www.brigada.sk/brigady-na-slovensku/kompletizacia-objednavok-pomocou-aplikacie-p-j-servis-holding-s-r-o-370158
1121,https://www.brigada.sk/brigady-na-slovensku/lahodky-ich-dokladanie-v-obchodnom-retazci-p-j-servis-holding-s-r-o-370159
1122,https://www.brigada.sk/brigady-na-slovensku/kompletizacia-objednavok-pomocou-aplikacie-p-j-servis-holding-s-r-o-370156
1123,https://www.brigada.sk/brigady-na-slovensku/lahodky-ich-dokladanie-v-obchodnom-retazci-p-j-servis-holding-s-r-o-370157
1124,https://www.brigada.sk/brigady-na-slovensku/pokladnik-a-dokladac-tovaru-pre-znamu-znacku-p-j-servis-holding-s-r-o-370155
1125,https://www.brigada.sk/brigady-na-slovensku/pomocne-prace-pre-ccc-pri-baleni-tovaru-p-j-servis-holding-s-r-o-370109
1126,https://www.brigada.sk/brigady-na-slovensku/pomocne-prace-pre-ccc-pri-baleni-tovaru-p-j-servis-holding-s-r-o-370108
1127,https://www.brigada.sk/brigady-na-slovensku/pomocne-prace-pre-ccc-pri-baleni-tovaru-p-j-servis-holding-s-r-o-370106
1128,https://www.brigada.sk/brigady-na-slovensku/pomocne-prace-pre-ccc-pri-baleni-tovaru-p-j-servis-holding-s-r-o-370107
1129,https://www.brigada.sk/brigady-na-slovensku/pomocne-prace-pre-ccc-pri-baleni-tovaru-p-j-servis-holding-s-r-o-370104
1130,https://www.brigada.sk/brigady-na-slovensku/pomocne-prace-pre-ccc-pri-baleni-tovaru-p-j-servis-holding-s-r-o-370105
1131,https://www.brigada.sk/brigady-na-slovensku/pomocne-prace-pre-ccc-pri-baleni-tovaru-p-j-servis-holding-s-r-o-370103
1132,https://www.brigada.sk/brigady-na-slovensku/pomocne-prace-pre-ccc-pri-baleni-tovaru-p-j-servis-holding-s-r-o-370102
1133,https://www.brigada.sk/brigady-na-slovensku/pomocne-prace-pre-ccc-pri-baleni-tovaru-p-j-servis-holding-s-r-o-370101
1134,https://www.brigada.sk/brigady-na-slovensku/pomocne-prace-pre-ccc-pri-baleni-tovaru-p-j-servis-holding-s-r-o-370100
1135,https://www.brigada.sk/brigady-na-slovensku/pomocne-prace-pre-ccc-pri-baleni-tovaru-p-j-servis-holding-s-r-o-370098
1136,https://www.brigada.sk/brigady-na-slovensku/pomocne-prace-pre-ccc-pri-baleni-tovaru-p-j-servis-holding-s-r-o-370099
1137,https://www.brigada.sk/brigady-na-slovensku/pomocne-prace-pre-ccc-pri-baleni-tovaru-p-j-servis-holding-s-r-o-370097
1138,https://www.brigada.sk/brigady-na-slovensku/pomocne-prace-pre-ccc-pri-baleni-tovaru-p-j-servis-holding-s-r-o-370096
1139,https://www.brigada.sk/brigady-na-slovensku/pomocne-prace-pre-ccc-pri-baleni-tovaru-p-j-servis-holding-s-r-o-370095
1140,https://www.brigada.sk/brigady-na-slovensku/pomocne-prace-pre-ccc-pri-baleni-tovaru-p-j-servis-holding-s-r-o-370094
1141,https://www.brigada.sk/brigady-na-slovensku/pomocne-prace-pre-ccc-pri-baleni-tovaru-p-j-servis-holding-s-r-o-370093
1142,https://www.brigada.sk/brigady-na-slovensku/pomocne-prace-pre-ccc-pri-baleni-tovaru-p-j-servis-holding-s-r-o-370092
1143,https://www.brigada.sk/brigady-na-slovensku/pomocne-prace-pre-ccc-pri-baleni-tovaru-p-j-servis-holding-s-r-o-370091
1144,https://www.brigada.sk/brigady-na-slovensku/pomocne-prace-pre-ccc-pri-baleni-tovaru-p-j-servis-holding-s-r-o-370090
1145,https://www.brigada.sk/brigady-na-slovensku/pokladnik-pokladnicka-v-obchodnom-retazci-p-j-servis-holding-s-r-o-370089
1146,https://www.brigada.sk/brigady-na-slovensku/pokladnik-pokladnicka-v-obchodnom-retazci-p-j-servis-holding-s-r-o-370088
1147,https://www.brigada.sk/brigady-na-slovensku/pokladnik-pokladnicka-v-obchodnom-retazci-p-j-servis-holding-s-r-o-370087
1148,https://www.brigada.sk/brigady-na-slovensku/pokladnik-pokladnicka-v-obchodnom-retazci-p-j-servis-holding-s-r-o-370086
1149,https://www.brigada.sk/brigady-na-slovensku/vydaj-tovaru-podla-objednavky-p-j-servis-holding-s-r-o-370085
1150,https://www.brigada.sk/brigady-na-slovensku/manipulacne-prace-vo-vyrobe-dreva-p-j-servis-holding-s-r-o-370080
1151,https://www.brigada.sk/brigady-na-slovensku/pokladnik-a-dokladac-tovaru-pre-znamu-znacku-p-j-servis-holding-s-r-o-370079
1152,https://www.brigada.sk/brigady-na-slovensku/manipulacne-prace-vo-vyrobe-dreva-p-j-servis-holding-s-r-o-370078
1153,https://www.brigada.sk/brigady-na-slovensku/pokladnik-a-dokladac-tovaru-pre-znamu-znacku-p-j-servis-holding-s-r-o-370077
1154,https://www.brigada.sk/brigady-na-slovensku/zavoznik-pri-rozvoze-elektrospotrebicov-p-j-servis-holding-s-r-o-370075
1155,https://www.brigada.sk/brigady-na-slovensku/pokladnik-a-dokladac-tovaru-pre-znamu-znacku-p-j-servis-holding-s-r-o-370076
1156,https://www.brigada.sk/brigady-na-slovensku/lahodky-ich-dokladanie-v-obchodnom-retazci-p-j-servis-holding-s-r-o-370074
1157,https://www.brigada.sk/brigady-na-slovensku/pokladnik-a-dokladac-tovaru-pre-znamu-znacku-p-j-servis-holding-s-r-o-370073
1158,https://www.brigada.sk/brigady-na-slovensku/zavoznik-pri-rozvoze-elektrospotrebicov-p-j-servis-holding-s-r-o-370072
1159,https://www.brigada.sk/brigady-na-slovensku/lahodky-ich-dokladanie-v-obchodnom-retazci-p-j-servis-holding-s-r-o-370071
1160,https://www.brigada.sk/brigady-na-slovensku/zavoznik-pri-rozvoze-elektrospotrebicov-p-j-servis-holding-s-r-o-370069
1161,https://www.brigada.sk/brigady-na-slovensku/pokladnik-a-dokladac-tovaru-pre-znamu-znacku-p-j-servis-holding-s-r-o-370070
1162,https://www.brigada.sk/brigady-na-slovensku/lahodky-ich-dokladanie-v-obchodnom-retazci-p-j-servis-holding-s-r-o-370068
1163,https://www.brigada.sk/brigady-na-slovensku/zavoznik-pri-rozvoze-elektrospotrebicov-p-j-servis-holding-s-r-o-370066
1164,https://www.brigada.sk/brigady-na-slovensku/pokladnik-a-dokladac-tovaru-pre-znamu-znacku-p-j-servis-holding-s-r-o-370067
1165,https://www.brigada.sk/brigady-na-slovensku/manipulacne-prace-vo-vyrobe-dreva-p-j-servis-holding-s-r-o-370065
1166,https://www.brigada.sk/brigady-na-slovensku/zavoznik-pri-rozvoze-tovaru-p-j-servis-holding-s-r-o-370062
1167,https://www.brigada.sk/brigady-na-slovensku/balenie-internetovych-objednavok-p-j-servis-holding-s-r-o-370058
1168,https://www.brigada.sk/brigady-na-slovensku/balenie-internetovych-objednavok-p-j-servis-holding-s-r-o-370057
1169,https://www.brigada.sk/brigady-na-slovensku/balenie-internetovych-objednavok-p-j-servis-holding-s-r-o-370056
1170,https://www.brigada.sk/brigady-na-slovensku/balenie-internetovych-objednavok-p-j-servis-holding-s-r-o-370055
1171,https://www.brigada.sk/brigady-na-slovensku/balenie-internetovych-objednavok-p-j-servis-holding-s-r-o-370054
1172,https://www.brigada.sk/brigady-na-slovensku/balenie-internetovych-objednavok-p-j-servis-holding-s-r-o-370053
1173,https://www.brigada.sk/brigady-na-slovensku/balenie-internetovych-objednavok-p-j-servis-holding-s-r-o-370052
1174,https://www.brigada.sk/brigady-na-slovensku/balenie-internetovych-objednavok-p-j-servis-holding-s-r-o-370051
1175,https://www.brigada.sk/brigady-na-slovensku/balenie-internetovych-objednavok-p-j-servis-holding-s-r-o-370050
1176,https://www.brigada.sk/brigady-na-slovensku/balenie-internetovych-objednavok-p-j-servis-holding-s-r-o-370049
1177,https://www.brigada.sk/brigady-na-slovensku/pomocne-manipulacne-prace-p-j-servis-holding-s-r-o-370048
1178,https://www.brigada.sk/brigady-na-slovensku/balenie-internetovych-objednavok-p-j-servis-holding-s-r-o-370046
1179,https://www.brigada.sk/brigady-na-slovensku/manipulacne-prace-v-exterierovom-sklade-p-j-servis-holding-s-r-o-370045
1180,https://www.brigada.sk/brigady-na-slovensku/manipulacne-prace-v-sklade-p-j-servis-holding-s-r-o-370047
1181,https://www.brigada.sk/brigady-na-slovensku/pomocne-manipulacne-prace-p-j-servis-holding-s-r-o-370044
1182,https://www.brigada.sk/brigady-na-slovensku/manipulacne-prace-v-sklade-p-j-servis-holding-s-r-o-370043
1183,https://www.brigada.sk/brigady-na-slovensku/balenie-internetovych-objednavok-p-j-servis-holding-s-r-o-370042
1184,https://www.brigada.sk/brigady-na-slovensku/manipulacne-prace-v-exterierovom-sklade-p-j-servis-holding-s-r-o-370041
1185,https://www.brigada.sk/brigady-na-slovensku/manipulacne-prace-v-sklade-p-j-servis-holding-s-r-o-370039
1186,https://www.brigada.sk/brigady-na-slovensku/manipulacne-prace-v-exterierovom-sklade-p-j-servis-holding-s-r-o-370037
1187,https://www.brigada.sk/brigady-na-slovensku/balenie-internetovych-objednavok-p-j-servis-holding-s-r-o-370038
1188,https://www.brigada.sk/brigady-na-slovensku/pomocne-manipulacne-prace-p-j-servis-holding-s-r-o-370040
1189,https://www.brigada.sk/brigady-na-slovensku/manipulacne-prace-v-exterierovom-sklade-p-j-servis-holding-s-r-o-370033
1190,https://www.brigada.sk/brigady-na-slovensku/balenie-internetovych-objednavok-p-j-servis-holding-s-r-o-370034
1191,https://www.brigada.sk/brigady-na-slovensku/pomocne-manipulacne-prace-p-j-servis-holding-s-r-o-370036
1192,https://www.brigada.sk/brigady-na-slovensku/manipulacne-prace-v-sklade-p-j-servis-holding-s-r-o-370035
1193,https://www.brigada.sk/brigady-na-slovensku/manipulacne-prace-v-exterierovom-sklade-p-j-servis-holding-s-r-o-370029
1194,https://www.brigada.sk/brigady-na-slovensku/balenie-internetovych-objednavok-p-j-servis-holding-s-r-o-370030
1195,https://www.brigada.sk/brigady-na-slovensku/pomocne-manipulacne-prace-p-j-servis-holding-s-r-o-370032
1196,https://www.brigada.sk/brigady-na-slovensku/manipulacne-prace-v-sklade-p-j-servis-holding-s-r-o-370031
1197,https://www.brigada.sk/brigady-na-slovensku/dokladanie-tovaru-do-regalov-p-j-servis-holding-s-r-o-370028
1198,https://www.brigada.sk/brigady-na-slovensku/dokladanie-tovaru-do-regalov-p-j-servis-holding-s-r-o-370027
1199,https://www.brigada.sk/brigady-na-slovensku/pomocne-manipulacne-prace-p-j-servis-holding-s-r-o-370026
1200,https://www.brigada.sk/brigady-na-slovensku/manipulacne-prace-v-sklade-p-j-servis-holding-s-r-o-370025
1201,https://www.brigada.sk/brigady-na-slovensku/balenie-internetovych-objednavok-p-j-servis-holding-s-r-o-370024
1202,https://www.brigada.sk/brigady-na-slovensku/manipulacne-prace-v-exterierovom-sklade-p-j-servis-holding-s-r-o-370023
1203,https://www.brigada.sk/brigady-na-slovensku/manipulacne-prace-v-exterierovom-sklade-p-j-servis-holding-s-r-o-370019
1204,https://www.brigada.sk/brigady-na-slovensku/balenie-internetovych-objednavok-p-j-servis-holding-s-r-o-370020
1205,https://www.brigada.sk/brigady-na-slovensku/manipulacne-prace-v-sklade-p-j-servis-holding-s-r-o-370021
1206,https://www.brigada.sk/brigady-na-slovensku/pomocne-manipulacne-prace-p-j-servis-holding-s-r-o-370022
1207,https://www.brigada.sk/brigady-na-slovensku/pomocne-manipulacne-prace-p-j-servis-holding-s-r-o-370018
1208,https://www.brigada.sk/brigady-na-slovensku/balenie-internetovych-objednavok-p-j-servis-holding-s-r-o-370016
1209,https://www.brigada.sk/brigady-na-slovensku/manipulacne-prace-v-exterierovom-sklade-p-j-servis-holding-s-r-o-370015
1210,https://www.brigada.sk/brigady-na-slovensku/manipulacne-prace-v-sklade-p-j-servis-holding-s-r-o-370017
1211,https://www.brigada.sk/brigady-na-slovensku/pomocne-manipulacne-prace-p-j-servis-holding-s-r-o-370014
1212,https://www.brigada.sk/brigady-na-slovensku/manipulacne-prace-v-sklade-p-j-servis-holding-s-r-o-370013
1213,https://www.brigada.sk/brigady-na-slovensku/balenie-internetovych-objednavok-p-j-servis-holding-s-r-o-370012
1214,https://www.brigada.sk/brigady-na-slovensku/manipulacne-prace-v-exterierovom-sklade-p-j-servis-holding-s-r-o-370011
1215,https://www.brigada.sk/brigady-na-slovensku/pomocne-manipulacne-prace-p-j-servis-holding-s-r-o-370010
1216,https://www.brigada.sk/brigady-na-slovensku/manipulacne-prace-v-exterierovom-sklade-p-j-servis-holding-s-r-o-370007
1217,https://www.brigada.sk/brigady-na-slovensku/balenie-internetovych-objednavok-p-j-servis-holding-s-r-o-370008
1218,https://www.brigada.sk/brigady-na-slovensku/manipulacne-prace-v-sklade-p-j-servis-holding-s-r-o-370009
1219,https://www.brigada.sk/brigady-na-slovensku/manipulacne-prace-v-exterierovom-sklade-p-j-servis-holding-s-r-o-370001
1220,https://www.brigada.sk/brigady-na-slovensku/balenie-internetovych-objednavok-p-j-servis-holding-s-r-o-370002
1221,https://www.brigada.sk/brigady-na-slovensku/manipulacne-prace-v-sklade-p-j-servis-holding-s-r-o-370003
1222,https://www.brigada.sk/brigady-na-slovensku/pomocne-manipulacne-prace-p-j-servis-holding-s-r-o-370004
1223,https://www.brigada.sk/brigady-na-slovensku/dokladanie-tovaru-do-regalov-p-j-servis-holding-s-r-o-370005
1224,https://www.brigada.sk/brigady-na-slovensku/dokladanie-tovaru-do-regalov-p-j-servis-holding-s-r-o-370006
1225,https://www.brigada.sk/brigady-na-slovensku/manipulacne-prace-v-sklade-p-j-servis-holding-s-r-o-369999
1226,https://www.brigada.sk/brigady-na-slovensku/manipulacne-prace-v-exterierovom-sklade-p-j-servis-holding-s-r-o-369997
1227,https://www.brigada.sk/brigady-na-slovensku/balenie-internetovych-objednavok-p-j-servis-holding-s-r-o-369998
1228,https://www.brigada.sk/brigady-na-slovensku/pomocne-manipulacne-prace-p-j-servis-holding-s-r-o-370000
1229,https://www.brigada.sk/brigady-na-slovensku/pomocne-manipulacne-prace-p-j-servis-holding-s-r-o-369996
1230,https://www.brigada.sk/brigady-na-slovensku/manipulacne-prace-v-sklade-p-j-servis-holding-s-r-o-369995
1231,https://www.brigada.sk/brigady-na-slovensku/balenie-internetovych-objednavok-p-j-servis-holding-s-r-o-369994
1232,https://www.brigada.sk/brigady-na-slovensku/manipulacne-prace-v-exterierovom-sklade-p-j-servis-holding-s-r-o-369993
1233,https://www.brigada.sk/brigady-na-slovensku/manipulacne-prace-v-exterierovom-sklade-p-j-servis-holding-s-r-o-369989
1234,https://www.brigada.sk/brigady-na-slovensku/balenie-internetovych-objednavok-p-j-servis-holding-s-r-o-369990
1235,https://www.brigada.sk/brigady-na-slovensku/manipulacne-prace-v-sklade-p-j-servis-holding-s-r-o-369991
1236,https://www.brigada.sk/brigady-na-slovensku/pomocne-manipulacne-prace-p-j-servis-holding-s-r-o-369992
1237,https://www.brigada.sk/brigady-na-slovensku/manipulacne-prace-v-exterierovom-sklade-p-j-servis-holding-s-r-o-369985
1238,https://www.brigada.sk/brigady-na-slovensku/balenie-internetovych-objednavok-p-j-servis-holding-s-r-o-369986
1239,https://www.brigada.sk/brigady-na-slovensku/pomocne-manipulacne-prace-p-j-servis-holding-s-r-o-369988
1240,https://www.brigada.sk/brigady-na-slovensku/manipulacne-prace-v-sklade-p-j-servis-holding-s-r-o-369987
1241,https://www.brigada.sk/brigady-na-slovensku/dokladanie-tovaru-do-regalov-p-j-servis-holding-s-r-o-369984
1242,https://www.brigada.sk/brigady-na-slovensku/pomocne-manipulacne-prace-p-j-servis-holding-s-r-o-369983
1243,https://www.brigada.sk/brigady-na-slovensku/manipulacne-prace-v-sklade-p-j-servis-holding-s-r-o-369982
1244,https://www.brigada.sk/brigady-na-slovensku/balenie-internetovych-objednavok-p-j-servis-holding-s-r-o-369981
1245,https://www.brigada.sk/brigady-na-slovensku/manipulacne-prace-v-exterierovom-sklade-p-j-servis-holding-s-r-o-369980
1246,https://www.brigada.sk/brigady-na-slovensku/manipulacne-prace-v-exterierovom-sklade-p-j-servis-holding-s-r-o-369976
1247,https://www.brigada.sk/brigady-na-slovensku/manipulacne-prace-v-sklade-p-j-servis-holding-s-r-o-369978
1248,https://www.brigada.sk/brigady-na-slovensku/pomocne-manipulacne-prace-p-j-servis-holding-s-r-o-369979
1249,https://www.brigada.sk/brigady-na-slovensku/balenie-internetovych-objednavok-p-j-servis-holding-s-r-o-369977
1250,https://www.brigada.sk/brigady-na-slovensku/manipulacne-prace-v-exterierovom-sklade-p-j-servis-holding-s-r-o-369972
1251,https://www.brigada.sk/brigady-na-slovensku/balenie-internetovych-objednavok-p-j-servis-holding-s-r-o-369973
1252,https://www.brigada.sk/brigady-na-slovensku/manipulacne-prace-v-sklade-p-j-servis-holding-s-r-o-369974
1253,https://www.brigada.sk/brigady-na-slovensku/pomocne-manipulacne-prace-p-j-servis-holding-s-r-o-369975
1254,https://www.brigada.sk/brigady-na-slovensku/pomocne-manipulacne-prace-p-j-servis-holding-s-r-o-369971
1255,https://www.brigada.sk/brigady-na-slovensku/manipulacne-prace-v-exterierovom-sklade-p-j-servis-holding-s-r-o-369968
1256,https://www.brigada.sk/brigady-na-slovensku/balenie-internetovych-objednavok-p-j-servis-holding-s-r-o-369969
1257,https://www.brigada.sk/brigady-na-slovensku/manipulacne-prace-v-sklade-p-j-servis-holding-s-r-o-369970
1258,https://www.brigada.sk/brigady-na-slovensku/pomocne-manipulacne-prace-p-j-servis-holding-s-r-o-369967
1259,https://www.brigada.sk/brigady-na-slovensku/balenie-internetovych-objednavok-p-j-servis-holding-s-r-o-369965
1260,https://www.brigada.sk/brigady-na-slovensku/manipulacne-prace-v-exterierovom-sklade-p-j-servis-holding-s-r-o-369964
1261,https://www.brigada.sk/brigady-na-slovensku/manipulacne-prace-v-sklade-p-j-servis-holding-s-r-o-369966
1262,https://www.brigada.sk/brigady-na-slovensku/dokladanie-tovaru-do-regalov-p-j-servis-holding-s-r-o-369963
1263,https://www.brigada.sk/brigady-na-slovensku/dokladanie-tovaru-do-regalov-p-j-servis-holding-s-r-o-369962
1264,https://www.brigada.sk/brigady-na-slovensku/pomocne-manipulacne-prace-p-j-servis-holding-s-r-o-369961
1265,https://www.brigada.sk/brigady-na-slovensku/manipulacne-prace-v-sklade-p-j-servis-holding-s-r-o-369960
1266,https://www.brigada.sk/brigady-na-slovensku/manipulacne-prace-v-exterierovom-sklade-p-j-servis-holding-s-r-o-369958
1267,https://www.brigada.sk/brigady-na-slovensku/balenie-internetovych-objednavok-p-j-servis-holding-s-r-o-369959
1268,https://www.brigada.sk/brigady-na-slovensku/balenie-internetovych-objednavok-p-j-servis-holding-s-r-o-369955
1269,https://www.brigada.sk/brigady-na-slovensku/manipulacne-prace-v-exterierovom-sklade-p-j-servis-holding-s-r-o-369954
1270,https://www.brigada.sk/brigady-na-slovensku/manipulacne-prace-v-sklade-p-j-servis-holding-s-r-o-369956
1271,https://www.brigada.sk/brigady-na-slovensku/pomocne-manipulacne-prace-p-j-servis-holding-s-r-o-369957
1272,https://www.brigada.sk/brigady-na-slovensku/manipulacne-prace-v-sklade-p-j-servis-holding-s-r-o-369952
1273,https://www.brigada.sk/brigady-na-slovensku/balenie-internetovych-objednavok-p-j-servis-holding-s-r-o-369951
1274,https://www.brigada.sk/brigady-na-slovensku/manipulacne-prace-v-exterierovom-sklade-p-j-servis-holding-s-r-o-369950
1275,https://www.brigada.sk/brigady-na-slovensku/pomocne-manipulacne-prace-p-j-servis-holding-s-r-o-369953
1276,https://www.brigada.sk/brigady-na-slovensku/pomocne-manipulacne-prace-p-j-servis-holding-s-r-o-369949
1277,https://www.brigada.sk/brigady-na-slovensku/manipulacne-prace-v-sklade-p-j-servis-holding-s-r-o-369948
1278,https://www.brigada.sk/brigady-na-slovensku/balenie-internetovych-objednavok-p-j-servis-holding-s-r-o-369947
1279,https://www.brigada.sk/brigady-na-slovensku/manipulacne-prace-v-exterierovom-sklade-p-j-servis-holding-s-r-o-369946
1280,https://www.brigada.sk/brigady-na-slovensku/dokladanie-tovaru-do-regalov-v-obchodnom-retazci-p-j-servis-holding-s-r-o-369936
1281,https://www.brigada.sk/brigady-na-slovensku/dokladanie-tovaru-do-regalov-v-obchodnom-retazci-p-j-servis-holding-s-r-o-369935
1282,https://www.brigada.sk/brigady-na-slovensku/dokladanie-tovaru-do-regalov-v-obchodnom-retazci-p-j-servis-holding-s-r-o-369933
1283,https://www.brigada.sk/brigady-na-slovensku/dokladanie-tovaru-do-regalov-v-obchodnom-retazci-p-j-servis-holding-s-r-o-369934
1284,https://www.brigada.sk/brigady-na-slovensku/dokladanie-tovaru-do-regalov-v-obchodnom-retazci-p-j-servis-holding-s-r-o-369932
1285,https://www.brigada.sk/brigady-na-slovensku/dokladanie-tovaru-do-regalov-v-obchodnom-retazci-p-j-servis-holding-s-r-o-369931
1286,https://www.brigada.sk/brigady-na-slovensku/pokladnik-pokladnicka-v-obchodnom-retazci-p-j-servis-holding-s-r-o-369916
1287,https://www.brigada.sk/brigady-na-slovensku/pokladnik-pokladnicka-v-obchodnom-retazci-p-j-servis-holding-s-r-o-369915
1288,https://www.brigada.sk/brigady-na-slovensku/pokladnik-pokladnicka-v-obchodnom-retazci-p-j-servis-holding-s-r-o-369914
1289,https://www.brigada.sk/brigady-na-slovensku/pokladnik-pokladnicka-v-obchodnom-retazci-p-j-servis-holding-s-r-o-369913
1290,https://www.brigada.sk/brigady-na-slovensku/pokladnik-pokladnicka-v-obchodnom-retazci-p-j-servis-holding-s-r-o-369909
1291,https://www.brigada.sk/brigady-na-slovensku/pokladnik-pokladnicka-v-obchodnom-retazci-p-j-servis-holding-s-r-o-369908
1292,https://www.brigada.sk/brigady-na-slovensku/pokladnik-pokladnicka-v-obchodnom-retazci-p-j-servis-holding-s-r-o-369907
1293,https://www.brigada.sk/brigady-na-slovensku/pekar-na-oddeleni-lahodok-v-obchodnom-retazci-p-j-servis-holding-s-r-o-369904
1294,https://www.brigada.sk/brigady-na-slovensku/lahodky-ich-dokladanie-v-obchodnom-retazci-p-j-servis-holding-s-r-o-369905
1295,https://www.brigada.sk/brigady-na-slovensku/pokladnik-pokladnicka-v-obchodnom-retazci-p-j-servis-holding-s-r-o-369906
1296,https://www.brigada.sk/brigady-na-slovensku/lahodky-ich-dokladanie-v-obchodnom-retazci-p-j-servis-holding-s-r-o-369901
1297,https://www.brigada.sk/brigady-na-slovensku/pokladnik-pokladnicka-v-obchodnom-retazci-p-j-servis-holding-s-r-o-369902
1298,https://www.brigada.sk/brigady-na-slovensku/pokladnik-pokladnicka-v-obchodnom-retazci-p-j-servis-holding-s-r-o-369903
1299,https://www.brigada.sk/brigady-na-slovensku/pokladnik-pokladnicka-v-obchodnom-retazci-p-j-servis-holding-s-r-o-369898
1300,https://www.brigada.sk/brigady-na-slovensku/lahodky-ich-dokladanie-v-obchodnom-retazci-p-j-servis-holding-s-r-o-369899
1301,https://www.brigada.sk/brigady-na-slovensku/pokladnik-pokladnicka-v-obchodnom-retazci-p-j-servis-holding-s-r-o-369900
1302,https://www.brigada.sk/brigady-na-slovensku/pokladnik-pokladnicka-v-obchodnom-retazci-p-j-servis-holding-s-r-o-369897
1303,https://www.brigada.sk/brigady-na-slovensku/lahodky-ich-dokladanie-v-obchodnom-retazci-p-j-servis-holding-s-r-o-369896
1304,https://www.brigada.sk/brigady-na-slovensku/lahodky-ich-dokladanie-v-obchodnom-retazci-p-j-servis-holding-s-r-o-369895
1305,https://www.brigada.sk/brigady-na-slovensku/pokladnik-pokladnicka-v-obchodnom-retazci-p-j-servis-holding-s-r-o-369894
1306,https://www.brigada.sk/brigady-na-slovensku/brigada-vo-fruitisime-na-pozicii-barman-arnb-sk-s-r-o10278-369884
1307,https://www.brigada.sk/brigady-na-slovensku/strihac-kameraman-3dproduction-slovakia-s-r-o-369874
1308,https://www.brigada.sk/brigady-na-slovensku/vydaj-tovaru-v-sklade-p-j-servis-holding-s-r-o-369877
1309,https://www.brigada.sk/brigady-na-slovensku/vydaj-tovaru-v-sklade-p-j-servis-holding-s-r-o-369878
1310,https://www.brigada.sk/brigady-na-slovensku/vynasanie-a-roznos-stavebneho-materialu-p-j-servis-holding-s-r-o-369873
1311,https://www.brigada.sk/brigady-na-slovensku/dokladanie-tovaru-do-regalov-v-obchodnom-retazci-p-j-servis-holding-s-r-o-369872
1312,https://www.brigada.sk/brigady-na-slovensku/pokladnik-pokladnicka-v-obchodnom-retazci-p-j-servis-holding-s-r-o-369871
1313,https://www.brigada.sk/brigady-na-slovensku/pokladnik-pokladnicka-v-obchodnom-retazci-p-j-servis-holding-s-r-o-369870
1314,https://www.brigada.sk/brigady-na-slovensku/pokladnik-pokladnicka-v-obchodnom-retazci-p-j-servis-holding-s-r-o-369869
1315,https://www.brigada.sk/brigady-na-slovensku/pokladnik-a-dokladac-tovaru-pre-znamu-znacku-p-j-servis-holding-s-r-o-369857
1316,https://www.brigada.sk/brigady-na-slovensku/pokladnik-a-dokladac-tovaru-pre-znamu-znacku-p-j-servis-holding-s-r-o-369856
1317,https://www.brigada.sk/brigady-na-slovensku/pokladnik-a-dokladac-tovaru-pre-znamu-znacku-p-j-servis-holding-s-r-o-369855
1318,https://www.brigada.sk/brigady-na-slovensku/dokladanie-tovaru-do-regalov-v-obchodnom-retazci-p-j-servis-holding-s-r-o-369840
1319,https://www.brigada.sk/brigady-na-slovensku/dokladanie-tovaru-do-regalov-v-obchodnom-retazci-p-j-servis-holding-s-r-o-369839
1320,https://www.brigada.sk/brigady-na-slovensku/dokladanie-tovaru-do-regalov-v-obchodnom-retazci-p-j-servis-holding-s-r-o-369838
1321,https://www.brigada.sk/brigady-na-slovensku/dokladanie-tovaru-do-regalov-v-obchodnom-retazci-p-j-servis-holding-s-r-o-369837
1322,https://www.brigada.sk/brigady-na-slovensku/dokladanie-tovaru-do-regalov-v-obchodnom-retazci-p-j-servis-holding-s-r-o-369836
1323,https://www.brigada.sk/brigady-na-slovensku/dokladanie-tovaru-do-regalov-v-obchodnom-retazci-p-j-servis-holding-s-r-o-369835
1324,https://www.brigada.sk/brigady-na-slovensku/dokladanie-tovaru-do-regalov-v-obchodnom-retazci-p-j-servis-holding-s-r-o-369826
1325,https://www.brigada.sk/brigady-na-slovensku/dokladanie-tovaru-do-regalov-v-obchodnom-retazci-p-j-servis-holding-s-r-o-369825
1326,https://www.brigada.sk/brigady-na-slovensku/lahodky-ich-dokladanie-v-obchodnom-retazci-p-j-servis-holding-s-r-o-369823
1327,https://www.brigada.sk/brigady-na-slovensku/dokladanie-tovaru-do-regalov-v-obchodnom-retazci-p-j-servis-holding-s-r-o-369824
1328,https://www.brigada.sk/brigady-na-slovensku/dokladanie-tovaru-do-regalov-v-obchodnom-retazci-p-j-servis-holding-s-r-o-369821
1329,https://www.brigada.sk/brigady-na-slovensku/manipulacne-prace-pri-skartacii-dokumentov-p-j-servis-holding-s-r-o-369822
1330,https://www.brigada.sk/brigady-na-slovensku/lahodky-ich-dokladanie-v-obchodnom-retazci-p-j-servis-holding-s-r-o-369819
1331,https://www.brigada.sk/brigady-na-slovensku/dokladanie-tovaru-do-regalov-v-obchodnom-retazci-p-j-servis-holding-s-r-o-369820
1332,https://www.brigada.sk/brigady-na-slovensku/dokladanie-tovaru-do-regalov-v-obchodnom-retazci-p-j-servis-holding-s-r-o-369818
1333,https://www.brigada.sk/brigady-na-slovensku/lahodky-ich-dokladanie-v-obchodnom-retazci-p-j-servis-holding-s-r-o-369817
1334,https://www.brigada.sk/brigady-na-slovensku/promoterka-studentsky-servis-spol-s-r-o-369792
1335,https://www.brigada.sk/brigady-na-slovensku/osobny-trener-kahama-xbody-363775
1336,https://www.brigada.sk/brigady-na-slovensku/hladam-zenu-do-domacnosti-dalibor-liptak-319956
1337,https://www.brigada.sk/brigady-na-slovensku/dokladanie-tovaru-do-regalov-v-obchodnom-retazci-p-j-servis-holding-s-r-o-369787
1338,https://www.brigada.sk/brigady-na-slovensku/dokladanie-tovaru-do-regalov-v-obchodnom-retazci-p-j-servis-holding-s-r-o-369786
1339,https://www.brigada.sk/brigady-na-slovensku/dokladanie-tovaru-do-regalov-v-obchodnom-retazci-p-j-servis-holding-s-r-o-369784
1340,https://www.brigada.sk/brigady-na-slovensku/dokladanie-tovaru-do-regalov-v-obchodnom-retazci-p-j-servis-holding-s-r-o-369785
1341,https://www.brigada.sk/brigady-na-slovensku/dokladanie-tovaru-do-regalov-v-obchodnom-retazci-p-j-servis-holding-s-r-o-369783
1342,https://www.brigada.sk/brigady-na-slovensku/dokladanie-tovaru-do-regalov-v-obchodnom-retazci-p-j-servis-holding-s-r-o-369782
1343,https://www.brigada.sk/brigady-na-slovensku/dokladanie-tovaru-do-regalov-v-obchodnom-retazci-p-j-servis-holding-s-r-o-369781
1344,https://www.brigada.sk/brigady-na-slovensku/dokladanie-tovaru-do-regalov-v-obchodnom-retazci-p-j-servis-holding-s-r-o-369780
1345,https://www.brigada.sk/brigady-na-slovensku/dokladanie-tovaru-do-regalov-v-obchodnom-retazci-p-j-servis-holding-s-r-o-369779
1346,https://www.brigada.sk/brigady-na-slovensku/dokladanie-tovaru-do-regalov-v-obchodnom-retazci-p-j-servis-holding-s-r-o-369778
1347,https://www.brigada.sk/brigady-na-slovensku/dokladanie-tovaru-do-regalov-v-obchodnom-retazci-p-j-servis-holding-s-r-o-369777
1348,https://www.brigada.sk/brigady-na-slovensku/dokladanie-tovaru-do-regalov-v-obchodnom-retazci-p-j-servis-holding-s-r-o-369776
1349,https://www.brigada.sk/brigady-na-slovensku/administrativni-pracovnik-plne-na-dalku-litfin-services-s-r-o-369693
1350,https://www.brigada.sk/brigady-na-slovensku/pokladnik-pokladnicka-v-obchodnom-retazci-p-j-servis-holding-s-r-o-369692
1351,https://www.brigada.sk/brigady-na-slovensku/pokladnik-pokladnicka-v-obchodnom-retazci-p-j-servis-holding-s-r-o-369689
1352,https://www.brigada.sk/brigady-na-slovensku/pokladnik-pokladnicka-v-obchodnom-retazci-p-j-servis-holding-s-r-o-369691
1353,https://www.brigada.sk/brigady-na-slovensku/pokladnik-pokladnicka-v-obchodnom-retazci-p-j-servis-holding-s-r-o-369690
1354,https://www.brigada.sk/brigady-na-slovensku/pokladnik-pokladnicka-v-obchodnom-retazci-p-j-servis-holding-s-r-o-369686
1355,https://www.brigada.sk/brigady-na-slovensku/pokladnik-pokladnicka-v-obchodnom-retazci-p-j-servis-holding-s-r-o-369687
1356,https://www.brigada.sk/brigady-na-slovensku/pokladnik-pokladnicka-v-obchodnom-retazci-p-j-servis-holding-s-r-o-369688
1357,https://www.brigada.sk/brigady-na-slovensku/pokladnik-pokladnicka-v-obchodnom-retazci-p-j-servis-holding-s-r-o-369685
1358,https://www.brigada.sk/brigady-na-slovensku/pokladnik-pokladnicka-v-obchodnom-retazci-p-j-servis-holding-s-r-o-369684
1359,https://www.brigada.sk/brigady-na-slovensku/lahodky-ich-dokladanie-v-obchodnom-retazci-p-j-servis-holding-s-r-o-369683
1360,https://www.brigada.sk/brigady-na-slovensku/pokladnik-pokladnicka-v-obchodnom-retazci-p-j-servis-holding-s-r-o-369678
1361,https://www.brigada.sk/brigady-na-slovensku/pokladnik-pokladnicka-v-obchodnom-retazci-p-j-servis-holding-s-r-o-369679
1362,https://www.brigada.sk/brigady-na-slovensku/pokladnik-pokladnicka-v-obchodnom-retazci-p-j-servis-holding-s-r-o-369680
1363,https://www.brigada.sk/brigady-na-slovensku/pokladnik-pokladnicka-v-obchodnom-retazci-p-j-servis-holding-s-r-o-369681
1364,https://www.brigada.sk/brigady-na-slovensku/pokladnik-pokladnicka-v-obchodnom-retazci-p-j-servis-holding-s-r-o-369682
1365,https://www.brigada.sk/brigady-na-slovensku/lahodky-ich-dokladanie-v-obchodnom-retazci-p-j-servis-holding-s-r-o-369677
1366,https://www.brigada.sk/brigady-na-slovensku/lahodky-ich-dokladanie-v-obchodnom-retazci-p-j-servis-holding-s-r-o-369671
1367,https://www.brigada.sk/brigady-na-slovensku/pokladnik-pokladnicka-v-obchodnom-retazci-p-j-servis-holding-s-r-o-369672
1368,https://www.brigada.sk/brigady-na-slovensku/pokladnik-pokladnicka-v-obchodnom-retazci-p-j-servis-holding-s-r-o-369673
1369,https://www.brigada.sk/brigady-na-slovensku/pokladnik-pokladnicka-v-obchodnom-retazci-p-j-servis-holding-s-r-o-369674
1370,https://www.brigada.sk/brigady-na-slovensku/pokladnik-pokladnicka-v-obchodnom-retazci-p-j-servis-holding-s-r-o-369675
1371,https://www.brigada.sk/brigady-na-slovensku/pokladnik-pokladnicka-v-obchodnom-retazci-p-j-servis-holding-s-r-o-369676
1372,https://www.brigada.sk/brigady-na-slovensku/pokladnik-pokladnicka-v-obchodnom-retazci-p-j-servis-holding-s-r-o-369670
1373,https://www.brigada.sk/brigady-na-slovensku/pokladnik-pokladnicka-v-obchodnom-retazci-p-j-servis-holding-s-r-o-369669
1374,https://www.brigada.sk/brigady-na-slovensku/pokladnik-pokladnicka-v-obchodnom-retazci-p-j-servis-holding-s-r-o-369668
1375,https://www.brigada.sk/brigady-na-slovensku/pokladnik-pokladnicka-v-obchodnom-retazci-p-j-servis-holding-s-r-o-369667
1376,https://www.brigada.sk/brigady-na-slovensku/pokladnik-pokladnicka-v-obchodnom-retazci-p-j-servis-holding-s-r-o-369666
1377,https://www.brigada.sk/brigady-na-slovensku/lahodky-ich-dokladanie-v-obchodnom-retazci-p-j-servis-holding-s-r-o-369665
1378,https://www.brigada.sk/brigady-na-slovensku/pokladnik-pokladnicka-v-obchodnom-retazci-p-j-servis-holding-s-r-o-369664
1379,https://www.brigada.sk/brigady-na-slovensku/pokladnik-pokladnicka-v-obchodnom-retazci-p-j-servis-holding-s-r-o-369663
1380,https://www.brigada.sk/brigady-na-slovensku/pokladnik-a-dokladac-tovaru-pre-znamu-znacku-p-j-servis-holding-s-r-o-369555
1381,https://www.brigada.sk/brigady-na-slovensku/dokladanie-tovaru-do-regalov-v-obchodnom-retazci-p-j-servis-holding-s-r-o-369553
1382,https://www.brigada.sk/brigady-na-slovensku/pokladnik-a-dokladac-tovaru-pre-znamu-znacku-p-j-servis-holding-s-r-o-369554
1383,https://www.brigada.sk/brigady-na-slovensku/pokladnik-a-dokladac-tovaru-pre-znamu-znacku-p-j-servis-holding-s-r-o-369552
1384,https://www.brigada.sk/brigady-na-slovensku/pomocne-manipulacne-prace-v-areali-spolocnosti-p-j-servis-holding-s-r-o-369503
1385,https://www.brigada.sk/brigady-na-slovensku/dokladanie-tovaru-do-regalov-pre-znamu-znacku-p-j-servis-holding-s-r-o-369385
1386,https://www.brigada.sk/brigady-na-slovensku/dokladanie-tovaru-do-regalov-pre-znamu-znacku-p-j-servis-holding-s-r-o-369384
1387,https://www.brigada.sk/brigady-na-slovensku/dokladanie-tovaru-do-regalov-pre-znamu-znacku-p-j-servis-holding-s-r-o-369383
1388,https://www.brigada.sk/brigady-na-slovensku/dokladanie-tovaru-do-regalov-pre-znamu-znacku-p-j-servis-holding-s-r-o-369382
1389,https://www.brigada.sk/brigady-na-slovensku/pokladnik-pokladnicka-v-obchodnom-retazci-p-j-servis-holding-s-r-o-369362
1390,https://www.brigada.sk/brigady-na-slovensku/pokladnik-pokladnicka-v-obchodnom-retazci-p-j-servis-holding-s-r-o-369361
1391,https://www.brigada.sk/brigady-na-slovensku/pokladnik-pokladnicka-v-obchodnom-retazci-p-j-servis-holding-s-r-o-369360
1392,https://www.brigada.sk/brigady-na-slovensku/pokladnik-pokladnicka-v-obchodnom-retazci-p-j-servis-holding-s-r-o-369359
1393,https://www.brigada.sk/brigady-na-slovensku/pokladnik-pokladnicka-v-obchodnom-retazci-p-j-servis-holding-s-r-o-369324
1394,https://www.brigada.sk/brigady-na-slovensku/pokladnik-pokladnicka-v-obchodnom-retazci-p-j-servis-holding-s-r-o-369323
1395,https://www.brigada.sk/brigady-na-slovensku/lahodky-ich-dokladanie-v-obchodnom-retazci-p-j-servis-holding-s-r-o-369206
1396,https://www.brigada.sk/brigady-na-slovensku/lahodky-ich-dokladanie-v-obchodnom-retazci-p-j-servis-holding-s-r-o-369177
1397,https://www.brigada.sk/brigady-na-slovensku/lahodky-ich-dokladanie-v-obchodnom-retazci-p-j-servis-holding-s-r-o-369176
1398,https://www.brigada.sk/brigady-na-slovensku/lahodky-ich-dokladanie-v-obchodnom-retazci-p-j-servis-holding-s-r-o-369175
1399,https://www.brigada.sk/brigady-na-slovensku/lahodky-ich-dokladanie-v-obchodnom-retazci-p-j-servis-holding-s-r-o-369174
1400,https://www.brigada.sk/brigady-na-slovensku/predavacka-sperkov-brigadnicka-silveria-spol-s-r-o-137906
1401,https://www.brigada.sk/brigady-na-slovensku/letna-staz-v-amerike-southwestern-advantage-305478
1402,https://www.brigada.sk/brigady-na-slovensku/upratovacka-upratovac-cimae-s-r-o-81071
1403,https://www.brigada.sk/brigady-na-slovensku/dokladanie-tovaru-do-regalov-v-obchodnom-retazci-p-j-servis-holding-s-r-o-369163
1404,https://www.brigada.sk/brigady-na-slovensku/pokladnik-pokladnicka-v-obchodnom-retazci-p-j-servis-holding-s-r-o-369143
1405,https://www.brigada.sk/brigady-na-slovensku/pokladnik-pokladnicka-v-obchodnom-retazci-p-j-servis-holding-s-r-o-369142
1406,https://www.brigada.sk/brigady-na-slovensku/pokladnik-pokladnicka-v-obchodnom-retazci-p-j-servis-holding-s-r-o-369141
1407,https://www.brigada.sk/brigady-na-slovensku/pokladnik-pokladnicka-v-obchodnom-retazci-p-j-servis-holding-s-r-o-369140
1408,https://www.brigada.sk/brigady-na-slovensku/pokladnik-pokladnicka-v-obchodnom-retazci-p-j-servis-holding-s-r-o-369139
1409,https://www.brigada.sk/brigady-na-slovensku/pokladnik-pokladnicka-v-obchodnom-retazci-p-j-servis-holding-s-r-o-369138
1410,https://www.brigada.sk/brigady-na-slovensku/pokladnik-pokladnicka-v-obchodnom-retazci-p-j-servis-holding-s-r-o-369274
1411,https://www.brigada.sk/brigady-na-slovensku/pokladnik-pokladnicka-v-obchodnom-retazci-p-j-servis-holding-s-r-o-369272
1412,https://www.brigada.sk/brigady-na-slovensku/pokladnik-pokladnicka-v-obchodnom-retazci-p-j-servis-holding-s-r-o-369270
1413,https://www.brigada.sk/brigady-na-slovensku/pokladnik-pokladnicka-v-obchodnom-retazci-p-j-servis-holding-s-r-o-369271
1414,https://www.brigada.sk/brigady-na-slovensku/pokladnik-pokladnicka-v-obchodnom-retazci-p-j-servis-holding-s-r-o-369269
1415,https://www.brigada.sk/brigady-na-slovensku/pokladnik-pokladnicka-v-obchodnom-retazci-p-j-servis-holding-s-r-o-369267
1416,https://www.brigada.sk/brigady-na-slovensku/pokladnik-pokladnicka-v-obchodnom-retazci-p-j-servis-holding-s-r-o-369268
1417,https://www.brigada.sk/brigady-na-slovensku/pokladnik-pokladnicka-v-obchodnom-retazci-p-j-servis-holding-s-r-o-369254
1418,https://www.brigada.sk/brigady-na-slovensku/pokladnik-pokladnicka-v-obchodnom-retazci-p-j-servis-holding-s-r-o-369253
1419,https://www.brigada.sk/brigady-na-slovensku/pokladnik-pokladnicka-v-obchodnom-retazci-p-j-servis-holding-s-r-o-369252
1420,https://www.brigada.sk/brigady-na-slovensku/pokladnik-pokladnicka-v-obchodnom-retazci-p-j-servis-holding-s-r-o-369251
1421,https://www.brigada.sk/brigady-na-slovensku/pokladnik-pokladnicka-v-obchodnom-retazci-p-j-servis-holding-s-r-o-369233
1422,https://www.brigada.sk/brigady-na-slovensku/lahodky-ich-dokladanie-v-obchodnom-retazci-p-j-servis-holding-s-r-o-369209
1423,https://www.brigada.sk/brigady-na-slovensku/lahodky-ich-dokladanie-v-obchodnom-retazci-p-j-servis-holding-s-r-o-369208
1424,https://www.brigada.sk/brigady-na-slovensku/lahodky-ich-dokladanie-v-obchodnom-retazci-p-j-servis-holding-s-r-o-369207
1425,https://www.brigada.sk/brigady-na-slovensku/pokladnik-pokladnicka-v-obchodnom-retazci-p-j-servis-holding-s-r-o-369322
1426,https://www.brigada.sk/brigady-na-slovensku/pokladnik-pokladnicka-v-obchodnom-retazci-p-j-servis-holding-s-r-o-369321
1427,https://www.brigada.sk/brigady-na-slovensku/pokladnik-pokladnicka-v-obchodnom-retazci-p-j-servis-holding-s-r-o-369320
1428,https://www.brigada.sk/brigady-na-slovensku/nocne-dokladanie-tovaru-kolonial-studentsky-servis-spol-s-r-o-369310
1429,https://www.brigada.sk/brigady-na-slovensku/pokladnik-pokladnicka-v-obchodnom-retazci-p-j-servis-holding-s-r-o-369301
1430,https://www.brigada.sk/brigady-na-slovensku/pokladnik-pokladnicka-v-obchodnom-retazci-p-j-servis-holding-s-r-o-369300
1431,https://www.brigada.sk/brigady-na-slovensku/pokladnik-pokladnicka-v-obchodnom-retazci-p-j-servis-holding-s-r-o-369299
1432,https://www.brigada.sk/brigady-na-slovensku/pokladnik-pokladnicka-v-obchodnom-retazci-p-j-servis-holding-s-r-o-369298
1433,https://www.brigada.sk/brigady-na-slovensku/pokladnik-pokladnicka-v-obchodnom-retazci-p-j-servis-holding-s-r-o-369297
1434,https://www.brigada.sk/brigady-na-slovensku/pokladnik-pokladnicka-v-obchodnom-retazci-p-j-servis-holding-s-r-o-369279
1435,https://www.brigada.sk/brigady-na-slovensku/pokladnik-pokladnicka-v-obchodnom-retazci-p-j-servis-holding-s-r-o-369277
1436,https://www.brigada.sk/brigady-na-slovensku/pokladnik-pokladnicka-v-obchodnom-retazci-p-j-servis-holding-s-r-o-369278
1437,https://www.brigada.sk/brigady-na-slovensku/pokladnik-pokladnicka-v-obchodnom-retazci-p-j-servis-holding-s-r-o-369276
1438,https://www.brigada.sk/brigady-na-slovensku/pokladnik-pokladnicka-v-obchodnom-retazci-p-j-servis-holding-s-r-o-369273
1439,https://www.brigada.sk/brigady-na-slovensku/pokladnik-pokladnicka-v-obchodnom-retazci-p-j-servis-holding-s-r-o-369275
1440,https://www.brigada.sk/brigady-na-slovensku/lahodky-ich-dokladanie-v-obchodnom-retazci-p-j-servis-holding-s-r-o-369123
1441,https://www.brigada.sk/brigady-na-slovensku/lahodky-ich-dokladanie-v-obchodnom-retazci-p-j-servis-holding-s-r-o-369122
1442,https://www.brigada.sk/brigady-na-slovensku/dokladanie-tovarov-do-regalov-v-obchodnom-retazci-p-j-servis-holding-s-r-o-369121
1443,https://www.brigada.sk/brigady-na-slovensku/lahodky-ich-dokladanie-v-obchodnom-retazci-p-j-servis-holding-s-r-o-369120
1444,https://www.brigada.sk/brigady-na-slovensku/lahodky-ich-dokladanie-v-obchodnom-retazci-p-j-servis-holding-s-r-o-369119
1445,https://www.brigada.sk/brigady-na-slovensku/dokladanie-tovarov-do-regalov-v-obchodnom-retazci-p-j-servis-holding-s-r-o-369118
1446,https://www.brigada.sk/brigady-na-slovensku/dokladanie-tovarov-do-regalov-v-obchodnom-retazci-p-j-servis-holding-s-r-o-369117
1447,https://www.brigada.sk/brigady-na-slovensku/praca-v-pokladni-studentsky-servis-spol-s-r-o-369083
1448,https://www.brigada.sk/brigady-na-slovensku/dokladanie-tovaru-do-regalov-v-obchodnom-retazci-p-j-servis-holding-s-r-o-369080
1449,https://www.brigada.sk/brigady-na-slovensku/dokladanie-tovaru-do-regalov-v-obchodnom-retazci-p-j-servis-holding-s-r-o-369079
1450,https://www.brigada.sk/brigady-na-slovensku/dokladanie-tovaru-do-regalov-v-obchodnom-retazci-p-j-servis-holding-s-r-o-369078
1451,https://www.brigada.sk/brigady-na-slovensku/dokladanie-tovaru-do-regalov-v-obchodnom-retazci-p-j-servis-holding-s-r-o-369077
1452,https://www.brigada.sk/brigady-na-slovensku/pokladnik-pokladnicka-v-obchodnom-retazci-p-j-servis-holding-s-r-o-369036
1453,https://www.brigada.sk/brigady-na-slovensku/pokladnik-pokladnicka-v-obchodnom-retazci-p-j-servis-holding-s-r-o-369037
1454,https://www.brigada.sk/brigady-na-slovensku/pokladnik-pokladnicka-v-obchodnom-retazci-p-j-servis-holding-s-r-o-369035
1455,https://www.brigada.sk/brigady-na-slovensku/konzultant-ing-dusan-frkan-266841
1456,https://www.brigada.sk/brigady-na-slovensku/pokladnik-pokladnicka-v-obchodnom-retazci-p-j-servis-holding-s-r-o-368492
1457,https://www.brigada.sk/brigady-na-slovensku/pokladnik-pokladnicka-v-obchodnom-retazci-p-j-servis-holding-s-r-o-368491
1458,https://www.brigada.sk/brigady-na-slovensku/pokladnik-pokladnicka-v-obchodnom-retazci-p-j-servis-holding-s-r-o-368490
1459,https://www.brigada.sk/brigady-na-slovensku/pokladnik-pokladnicka-v-obchodnom-retazci-p-j-servis-holding-s-r-o-368489
1460,https://www.brigada.sk/brigady-na-slovensku/pokladnik-pokladnicka-v-obchodnom-retazci-p-j-servis-holding-s-r-o-368477
1461,https://www.brigada.sk/brigady-na-slovensku/pokladnik-pokladnicka-v-obchodnom-retazci-p-j-servis-holding-s-r-o-368476
1462,https://www.brigada.sk/brigady-na-slovensku/pokladnik-pokladnicka-v-obchodnom-retazci-p-j-servis-holding-s-r-o-368475
1463,https://www.brigada.sk/brigady-na-slovensku/roznos-letakov-v-dedinach-v-okoli-trnavy-prvy-domov-i-s-r-o-337675
1464,https://www.brigada.sk/brigady-na-slovensku/dokladanie-tovaru-do-regalov-v-obchodnom-retazci-p-j-servis-holding-s-r-o-368451
1465,https://www.brigada.sk/brigady-na-slovensku/dokladanie-tovaru-do-regalov-v-obchodnom-retazci-p-j-servis-holding-s-r-o-368450
1466,https://www.brigada.sk/brigady-na-slovensku/dokladanie-tovaru-do-regalov-v-obchodnom-retazci-p-j-servis-holding-s-r-o-368449
1467,https://www.brigada.sk/brigady-na-slovensku/dokladanie-tovaru-do-regalov-v-obchodnom-retazci-p-j-servis-holding-s-r-o-368448
1468,https://www.brigada.sk/brigady-na-slovensku/dokladanie-tovaru-do-regalov-v-obchodnom-retazci-p-j-servis-holding-s-r-o-368430
1469,https://www.brigada.sk/brigady-na-slovensku/dokladanie-tovaru-do-regalov-v-obchodnom-retazci-p-j-servis-holding-s-r-o-368429
1470,https://www.brigada.sk/brigady-na-slovensku/triedenie-jablk-podla-kvality-v-sklade-spolocnsoti-p-j-servis-holding-s-r-o-368798
1471,https://www.brigada.sk/brigady-na-slovensku/triedenie-jablk-podla-kvality-v-sklade-spolocnsoti-p-j-servis-holding-s-r-o-368797
1472,https://www.brigada.sk/brigady-na-slovensku/triedenie-jablk-podla-kvality-v-sklade-spolocnsoti-p-j-servis-holding-s-r-o-368796
1473,https://www.brigada.sk/brigady-na-slovensku/triedenie-jablk-podla-kvality-v-sklade-spolocnsoti-p-j-servis-holding-s-r-o-368795
1474,https://www.brigada.sk/brigady-na-slovensku/triedenie-jablk-podla-kvality-v-sklade-spolocnsoti-p-j-servis-holding-s-r-o-368794
1475,https://www.brigada.sk/brigady-na-slovensku/triedenie-jablk-podla-kvality-v-sklade-spolocnsoti-p-j-servis-holding-s-r-o-368793
1476,https://www.brigada.sk/brigady-na-slovensku/triedenie-jablk-podla-kvality-v-sklade-spolocnsoti-p-j-servis-holding-s-r-o-368792
1477,https://www.brigada.sk/brigady-na-slovensku/triedenie-jablk-podla-kvality-v-sklade-spolocnsoti-p-j-servis-holding-s-r-o-368791
1478,https://www.brigada.sk/brigady-na-slovensku/hladame-recepcnu-do-jogacentra-spolocnost-joga-v-dennom-zivote-pobocka-bratisla-232409
1479,https://www.brigada.sk/brigady-na-slovensku/zavoznik-pri-rozvoze-elektrospotrebicov-p-j-servis-holding-s-r-o-368571
1480,https://www.brigada.sk/brigady-na-slovensku/zavoznik-pri-rozvoze-elektrospotrebicov-p-j-servis-holding-s-r-o-368570
1481,https://www.brigada.sk/brigady-na-slovensku/zavoznik-pri-rozvoze-elektrospotrebicov-p-j-servis-holding-s-r-o-368569
1482,https://www.brigada.sk/brigady-na-slovensku/zavoznik-pri-rozvoze-elektrospotrebicov-p-j-servis-holding-s-r-o-368568
1483,https://www.brigada.sk/brigady-na-slovensku/dokladanie-tovaru-napoje-studentsky-servis-spol-s-r-o-368508
1484,https://www.brigada.sk/brigady-na-slovensku/pokladnicka-na-cerpacej-stanici-lemart-s-r-o9586-269052
1485,https://www.brigada.sk/brigady-na-slovensku/pokladnik-pokladnicka-v-obchodnom-retazci-p-j-servis-holding-s-r-o-369030
1486,https://www.brigada.sk/brigady-na-slovensku/pokladnik-pokladnicka-v-obchodnom-retazci-p-j-servis-holding-s-r-o-369031
1487,https://www.brigada.sk/brigady-na-slovensku/pokladnik-pokladnicka-v-obchodnom-retazci-p-j-servis-holding-s-r-o-369032
1488,https://www.brigada.sk/brigady-na-slovensku/pokladnik-pokladnicka-v-obchodnom-retazci-p-j-servis-holding-s-r-o-369033
1489,https://www.brigada.sk/brigady-na-slovensku/pokladnik-pokladnicka-v-obchodnom-retazci-p-j-servis-holding-s-r-o-369034
1490,https://www.brigada.sk/brigady-na-slovensku/pokladnik-pokladnicka-v-obchodnom-retazci-p-j-servis-holding-s-r-o-369029
1491,https://www.brigada.sk/brigady-na-slovensku/pokladnik-pokladnicka-v-obchodnom-retazci-p-j-servis-holding-s-r-o-369028
1492,https://www.brigada.sk/brigady-na-slovensku/pokladnik-pokladnicka-v-obchodnom-retazci-p-j-servis-holding-s-r-o-369027
1493,https://www.brigada.sk/brigady-na-slovensku/pokladnik-pokladnicka-v-obchodnom-retazci-p-j-servis-holding-s-r-o-369026
1494,https://www.brigada.sk/brigady-na-slovensku/pokladnik-pokladnicka-v-obchodnom-retazci-p-j-servis-holding-s-r-o-369025
1495,https://www.brigada.sk/brigady-na-slovensku/pokladnik-pokladnicka-v-obchodnom-retazci-p-j-servis-holding-s-r-o-369024
1496,https://www.brigada.sk/brigady-na-slovensku/pokladnik-pokladnicka-v-obchodnom-retazci-p-j-servis-holding-s-r-o-369022
1497,https://www.brigada.sk/brigady-na-slovensku/pokladnik-pokladnicka-v-obchodnom-retazci-p-j-servis-holding-s-r-o-369023
1498,https://www.brigada.sk/brigady-na-slovensku/pokladnik-pokladnicka-v-obchodnom-retazci-p-j-servis-holding-s-r-o-369021
1499,https://www.brigada.sk/brigady-na-slovensku/pokladnik-pokladnicka-v-obchodnom-retazci-p-j-servis-holding-s-r-o-369020
0,https://www.brigada.sk/brigady-na-slovensku/pokladnik-pokladnicka-v-obchodnom-retazci-p-j-servis-holding-s-r-o-369017
1,https://www.brigada.sk/brigady-na-slovensku/pokladnik-pokladnicka-v-obchodnom-retazci-p-j-servis-holding-s-r-o-369016
2,https://www.brigada.sk/brigady-na-slovensku/pokladnik-pokladnicka-v-obchodnom-retazci-p-j-servis-holding-s-r-o-369018
3,https://www.brigada.sk/brigady-na-slovensku/pokladnik-pokladnicka-v-obchodnom-retazci-p-j-servis-holding-s-r-o-369019
4,https://www.brigada.sk/brigady-na-slovensku/hladame-tlieskacov-do-televizie-a-reklam-mgr-barbora-kremska-121186
5,https://www.brigada.sk/brigady-na-slovensku/it-support-junior-student-amnet-s-r-o-148263
6,https://www.brigada.sk/brigady-na-slovensku/informatorka-all-security-368840
7,https://www.brigada.sk/brigady-na-slovensku/upratovanie-pomoc-prace-zahrada-juraj-klizan-126370
8,https://www.brigada.sk/brigady-na-slovensku/vodic-vlacika-jana-petrovicova-353597
9,https://www.brigada.sk/brigady-na-slovensku/administrative-assistant-quantior-s-r-o-368835
10,https://www.brigada.sk/brigady-na-slovensku/triedenie-jablk-podla-kvality-v-sklade-spolocnsoti-p-j-servis-holding-s-r-o-368803
11,https://www.brigada.sk/brigady-na-slovensku/triedenie-jablk-podla-kvality-v-sklade-spolocnsoti-p-j-servis-holding-s-r-o-368802
12,https://www.brigada.sk/brigady-na-slovensku/triedenie-jablk-podla-kvality-v-sklade-spolocnsoti-p-j-servis-holding-s-r-o-368801
13,https://www.brigada.sk/brigady-na-slovensku/triedenie-jablk-podla-kvality-v-sklade-spolocnsoti-p-j-servis-holding-s-r-o-368799
14,https://www.brigada.sk/brigady-na-slovensku/triedenie-jablk-podla-kvality-v-sklade-spolocnsoti-p-j-servis-holding-s-r-o-368800
